1 atom kysliku	218-1189-S
100 penci	269-528-B
100 rimskych vojaku	53-3168-S
13 a 19 lety	339-3466-S
16 stoleti	63-2316-S
19 lety	339-3466-S
2 3 hlasy	205-1450-S
201 m	145-1779-S
238 6 litru	165-2380-B
25 listu	269-1480-S
3 hlasy	205-1450-S
300 let	341-736-S
40 letech	189-0-S
5 ti dverove auto	160-3260-B
500 let	269-1185-S
6 litru	165-2380-S
7 letech	290-2023-S
a	14-205-B,252-1325-B
a 19 lety	339-3466-S
a agresivni zena	367-343-S
a dzusu	214-1791-S
a kdovi co jeste	372-2412-B
a konecnikem	244-2998-S
a kosti	221-358-S
a limonady	302-1997-S
a nedulezity	231-1523-S
a nudna rec	295-2712-S
a obed v jednom	43-2580-S
a odliv	345-62-S
a pomalu v hudbe	194-1880-S
a rostlin	34-884-S
a rychle	262-3088-B
a s	76-3498-B
a sberac	169-977-S
a skladu	164-1527-S
a slaby	375-1845-S
a spravedlivym	190-2211-S
a sto nul	152-2129-S
a suchy	238-2092-S
a sul	243-3142-S
a ten	331-28-S
a tlusty	320-1697-S
a vyvoj	281-1753-S
a zelenina	155-554-S
a zmatene	243-249-S
abandonovat	1-149-B
abatyse	1-864-B
abbe	1-853-B
abdikace	1-1058-B
abdikovat	1-1039-B
abdominalni	1-1111-B
abeceda	11-2750-B
abecedne	11-2811-B,11-2834-B
abecedni	11-2767-B,11-2788-B
aberace	1-1281-B
aberujici	1-1218-B
ablace	1-1903-B
ablacni	1-1954-B
ablativ	1-1937-B
abnormalita	1-2236-B
abnormalne	1-2377-B
abnormalni	1-2170-B,34-3254-B,359-3159-B
abnormalni vzrust	149-2993-B
abnormalnost	1-2260-B
abolicionista	1-2574-B
abonent	329-3894-B
abortivni	1-3131-B
abraze	2-34-B
abrazivni	2-124-B
abrazivnost	2-178-B
absces	2-815-B
abscisa	2-845-B
absence	2-1015-B
absenter	2-1171-B
absenterstvi	2-1237-B
absentismus	2-1213-B
absint	2-1313-B
absolutismus	2-1723-B
absolutista	2-1771-B
absolutisticky	2-1329-B,2-1794-B,24-1290-B
absolutizmus	2-1747-B
absolutne	2-1449-B,363-159-B
absolutne ne	224-2753-B
absolutne suchy	38-1534-B
absolutni	2-1373-B,10-3373-B,343-1881-B,348-417-B,362-3690-B
absolutni vladce	24-1241-B
absolutno	2-1354-B
absolutnost	2-1627-B,251-1981-B
absolvent	12-623-B,153-955-B,153-1489-B,357-461-B
absolvovani	153-1589-B
absolvovat	153-1508-B
absorbent	2-1999-B
absorber	2-2019-B
absorbovat	2-1856-B,172-779-B
absorbujici	2-2058-B
absorpce	2-2082-B,362-360-B
absorpcni	2-2173-B
absorpcnost	2-1975-B
abstinence	2-2455-B,340-87-B
abstinent	2-2289-B,2-2477-B,340-46-B,340-110-B
abstinentni	2-2497-B,340-65-B
abstinovat	2-2249-B
abstrahovat	2-2564-B
abstrakce	2-2805-B
abstraktne	2-2827-B
abstraktni	2-2585-B
abstraktni pojem	2-2606-B
absurdita	2-2980-B
absurdne	156-636-B,203-3354-B,258-1351-B
absurdni	2-2893-B,156-535-B,203-3314-B,258-1304-B,285-1834-B
absurdnost	2-3000-B
abundance	2-3064-B
aby	313-1849-B,342-415-B,346-1915-B
abych rekl pravdu	142-2572-B
abysalni	2-3752-B
ac	12-170-B,168-1555-B,343-2133-B
acetaldehyd	4-819-B
acetat	4-844-B
aceton	4-875-B
acetyl	4-890-B
acetylcholin	4-904-B
acetylen	4-931-B
ach	9-2299-B,230-3031-B,230-3045-B
achat	8-2458-B
achromaticky	4-1351-B
acidofilni	4-1575-B
acidoza	4-1599-B
acinarni	4-1636-B
ackoli	10-918-B,12-183-B,343-2144-B
ackoliv	12-200-B,343-2159-B
acyklicky	5-1537-B
acyl	5-1556-B
acylace	5-1566-B
adagio	5-1716-B
adaptace	5-1952-B,6-1431-B,11-3261-B
adaptacni	5-1972-B
adapter	5-2041-B,5-2103-B
adaptivni	5-2058-B
adaptovat	5-1795-B
adaptujici	206-1492-S
addukce	5-3092-B
adduktor	5-3110-B
adein	5-3128-B
adekvatne	5-3527-B
adekvatni	5-3413-B
adenin	5-3142-B
adenoidni	5-3186-B
adenokarcinom	5-3157-B
adenom	5-3207-B
adenosin	5-3222-B
adenovirus	5-3241-B
adept	5-3263-B
adherentni	5-3625-B
adheze	6-83-B
adhezivni	6-136-B
adhezni	6-156-B
adiabaticky	6-276-B
adice	5-2507-B
adie	6-299-B
aditiv	5-2757-B
aditivni	5-2773-B
adjektivni	6-544-B,6-594-B
adjektivum	6-616-B
adjudikace	6-974-B
adjudikatorni	6-1159-B
adjunkt	6-1187-B
adjustace	6-1451-B
adjustovani	6-1472-B
adjutant	6-1703-B
administrace	6-1887-B
administracni	6-2159-B
administrativa	6-1915-B,238-1943-B
administrativne	6-2215-B
administrativni	6-2127-B
administrator	6-2249-B
administratorsky	6-2278-B
admiral	6-2400-B
admiralita	6-2417-B
admitance	6-2949-B
adolescence	6-3335-B
adolescent	6-3384-B
adopce	6-3699-B
adoptivni	6-3799-B
adoptivni rodic	6-3673-B
adoptovani	6-3715-B
adoptovat	6-3596-B
adrenalin	6-4115-B,118-2430-B
adrenalni	6-4034-B
adrenergni	6-4136-B
adresa	5-2831-B
adresar	98-2675-B,139-396-B
adresat	5-2981-B,72-2487-B,274-1321-B
adresatem	280-1900-S
adresovat	5-2846-B
adsorbent	7-228-B
adsorbovana latka	7-198-B
adsorbovat	7-163-B
adsorpce	7-277-B,362-376-B
adsorpcni latka	7-248-B
adukt	5-3035-B
adult	378-1222-S
advekce	7-1211-B
advent	7-1253-B
adventivni	7-1267-B
adverbialni	7-1570-B
adverbium	7-1511-B
advokacie	7-2503-B,27-3320-B
advokat	7-2562-B,23-535-B,190-1510-B,195-2253-B,314-2085-B
advokatni	197-44-B
aerator	7-2974-B
aerobni	7-3129-B
aerobus	9-3191-B
aerodynamicky	7-3166-B,310-2813-B
aerodynamicky vlak	327-365-B
aerolinie	10-227-B
aeroplan	7-3238-B
aerosol	7-3293-B
afaticky	16-1205-B
afazie	16-1162-B
afekt	7-3866-B
afektovanost	7-3816-B
afektovat	7-3659-B
afera	7-3551-B
aferentni	8-66-B
afidavit	8-86-B
afilace	8-251-B
afinita	8-348-B
afirmativni	8-563-B
afix	8-697-B
aforismus	16-1236-B
aforisticky	16-1255-B,299-3422-B
africkeho savce	238-639-S
afrikata	8-1320-B
afriky	364-2739-S,364-2770-S
afrodiziakalni	16-1304-B
afrodiziakum	16-1279-B
agar	8-2448-B
agenda	8-2813-B
agens	8-2970-B
agent	8-2982-B,127-2426-B,179-1080-S,314-2104-B
agentura	8-2711-B
agesor	9-455-B
agilni	9-583-B
agitace	9-779-B,49-1346-B
agitator	9-892-B,113-249-B,161-2207-B
agitovat	9-688-B,49-1362-B
aglomerace	8-3212-B,75-492-S
aglomerat	8-3103-B
aglomerovat	8-3079-B
aglutinace	8-3290-B
aglutinin	8-3416-B
agnostik	9-1006-B
agonie	9-1220-B,9-1233-B
agonista	9-1172-B
agorafobicky	9-1312-B
agorafobie	9-1289-B
agorafobik	9-1338-B
agranulocytoza	9-1382-B
agrarni	9-1441-B
agrarnik	9-1460-B
agravace	8-3652-B
agregace	9-152-B
agregat	8-3696-B,250-1536-B
agregatni	8-3715-B
agrese	9-307-B
agresivita	9-429-B
agresivne	31-2844-B,353-646-B
agresivni	9-386-B,31-2683-B,353-566-B
agresivni zena	367-343-S
agresivnost	353-502-B
agresor	9-472-B
agronom	9-2082-B,9-2197-B
agronomicky	9-2150-B
agronomie	9-2216-B
ahoj	46-2540-B,56-1971-B,58-2709-B,163-76-B,164-455-B,168-1517-B,168-2434-B
akacie	2-3771-B
akademicka hodnost	90-2567-B
akademicky	2-3837-B,2-3857-B,3-44-B
akademie	3-89-B,64-3434-B
akademik	2-3878-B,3-68-B
akant	3-106-B
akat	2-3786-B
akce	4-3800-B,79-3103-B,139-1249-S,139-1281-S,256-2705-S,308-631-S
akcelerace	3-352-B
akcelerator	3-424-B
akcelerovat	3-173-B
akcent	3-525-B
akcentovat	3-539-B,3-660-B
akceptace	3-988-B
akceptant	3-1071-B
akceptor	3-1090-B
akceptovat	3-804-B
akcesorni	3-1333-B
akci	262-2499-S
akcie	302-2557-B,325-1119-B
akcii	230-1693-S,349-2725-S
akcionar	302-2750-B,325-1510-B
akciove spolecnosti	119-944-S,119-1015-S
akciovy kapital	325-1131-B
akcni	4-3812-B
akcni clen	5-1280-B
akcni radius	270-1347-B,271-926-B
aklamace	3-1835-B
aklimatizace	3-1856-B,3-1909-B,3-1964-B
aklimatizovat	3-1938-B,3-1993-B,222-3247-B
akne	4-2083-B
akomodace	3-2158-B
akomodacni	3-2259-B
akomodovat	3-2068-B
akorat	122-43-B
akord	58-599-B
akordeon	3-3234-B
akr	4-3062-B
akreditace	3-3826-B
akreditovat	3-3769-B
akrobacie	7-3099-S
akrobat	4-3308-B
akrobaticky	4-3324-B
akromegalie	4-3347-B
akronym	4-3370-B
akropole	4-3411-B
akrostich	4-3477-B
akrovy	4-3071-B
akrylat	4-3496-B
akrylonitril	4-3537-B
aksamit	364-2970-B
akt	4-3564-B,227-1298-S
akta	105-2395-B
aktin	4-3743-B
aktiv v drzbe	254-2811-S
aktiva	21-1578-B
aktivace	5-271-B
aktivator	5-311-B
aktivismus	5-413-B
aktivista	5-433-B
aktivita	5-452-B
aktivne	5-395-B
aktivnejsi	260-1999-B
aktivni	5-332-B,116-1862-B,334-45-S
aktivni polozka	21-1591-B
aktivovani	115-1432-B
aktivovat	5-209-B,115-1315-B
aktivujici	5-247-B,115-1454-B
aktivum	21-1615-B
aktor	5-574-B
aktovka	22-2735-B,42-1329-B,292-2469-B
aktualita	5-753-B
aktualizace	5-705-B,5-813-B,361-2341-B,361-2450-B,361-2548-B
aktualizovani	361-2471-B
aktualizovat	361-2360-B,361-2568-B
aktualizujici	361-2496-B
aktualne	84-2383-B,258-2833-B
aktualni	5-615-B,345-2341-B,347-2124-B,361-2257-B
aktuar	5-1001-B
aktuator	5-1261-B
akumulace	3-4261-B
akumulacni	4-49-B
akumulator	4-101-B,29-2270-B
akumulatorovy	4-125-B
akumulovani	325-3522-B
akumulovat	3-3946-B,3-4149-B,326-98-B
akupresura	5-1350-B
akupunktura	5-1373-B
akusticky	4-2200-B,4-2256-B,23-1739-B,315-1160-B
akustika	4-2220-B
akutni	5-1397-B
akutnost	5-1439-B
akuzativ	4-378-B
akuzativni	4-398-B
akvadukt	18-434-B
akvalung	296-1134-B
akvamarin	18-292-B
akvamarinovy	18-314-B
akvantita	18-415-B
akvarel	370-3282-B
akvarelista	370-3328-B
akvarin	18-340-B
akvariovy	18-360-B
akvarium	18-381-B,135-859-B
akvizice	4-2541-B,4-2717-B,314-2037-B
alabastr	10-420-B
alabastrovy	10-439-B
alambik	10-1471-B
alanin	10-531-B
alarm	10-546-B
alarmovat	10-558-B,10-1535-B,370-331-B
alarmujici	10-692-B
albatros	10-848-B
albedo	10-867-B
albin	10-1004-B
albinizmus	10-984-B
albit	10-1018-B
album	10-1031-B
albumin	10-1043-B,10-1074-B
alchymicky	10-1109-B
alchymie	10-1153-B
alchymista	10-1132-B
aldehyd	10-1340-B
aldosteron	10-1385-B
ale	46-831-B,168-1528-B
alegoricky	10-3566-B,10-3588-B,10-3612-B
alegorie	11-0-B
alej	24-3063-B,194-310-B,239-1903-B
alela	11-109-B
alelicky	11-122-B
aleluja	158-2586-B
alembik	10-1487-B
alergen	11-140-B
alergicky	11-157-B
alergie	11-177-B
alespon	196-1949-B
alexie	10-1730-B
alfa	11-2727-B
alfanumericky	11-2859-B,11-2885-B,11-2913-B
algebra	10-1801-B
algebraicky	10-1817-B,10-1839-B,10-1862-B
algebraik	10-1888-B
algoritmicky	10-1930-B
algoritmus	10-1909-B
aliance	11-350-B
aliancni	11-367-B
alias	10-1956-B
alibi	10-2022-B
alifaticky	10-2602-B
aligator	11-499-B,47-1388-B,53-246-B
alikvotni	10-2624-B
aliterace	11-519-B
aliteracni	11-542-B
alizarin	10-2727-B
alka	23-2702-B
alkalicky	10-2776-B
alkalicnost	10-2816-B
alkalie	10-2745-B
alkaloid	10-2863-B,10-2881-B
alkaloza	10-2901-B
alkan	10-2921-B
alkohol	10-1170-B,190-0-B,318-1769-B,346-653-B
alkoholicka	107-3243-B
alkoholicky	10-1199-B
alkoholicky napoj z tresni	191-3203-B
alkoholik	10-1222-B,107-3225-B,108-1990-B
alkoholismus	10-1264-B
alkoholovy	10-1242-B
alkoholu	294-2144-S
alkoun	157-1064-B
alkovna	10-1288-B
alkyd	10-2934-B
alkyl	10-2976-B
allahova	191-3242-S
allegretto	11-35-B
allegro	11-57-S,11-93-B
almanach	11-2150-B
almuzna	11-2347-B,249-2285-B
almuzny	11-2361-B
alobal	345-3158-B
alochtonni	11-772-B
aloe	11-2375-B
alofonni	11-892-B
alokace	11-643-B
alokacni	11-662-B
alokator	11-752-B
alokovat	11-568-B
alokuce	11-822-B
alopaticky	11-869-B
alotrop	11-1099-B
alotropicky	11-1117-B
alotropie	11-1141-B
alpaka	11-2713-B
alpha	11-2738-B
alpinista	11-2958-B
alpska pastvina	11-2692-B
alpsky	11-2943-B
alt	12-365-B,78-2818-B
altan	18-1197-B,332-376-B,332-413-S
altanek	18-1211-B,148-12-B
alternativa	11-3702-B
alternativne	12-92-B
alternativni	12-0-B
alternator	12-120-B
alternatorovy	12-143-B
alternovat	11-3500-B
altruismus	12-470-B
altruista	12-490-B
altruisticky	12-509-B
aluminium	12-587-B
aluvialni	11-2006-B
aluvium	11-2067-B
alveolarni	12-641-B
alveolus	12-663-B
am	12-781-S
amalgam	12-796-B
amalgamace	12-914-B
amalgamat	12-938-B
amalgamovat	12-830-B
amalgan	12-813-B
amarant	12-1052-B
amarylka	12-1087-B
amater	12-1201-B,97-2895-B
amaterizmus	12-1419-B
amatersky	12-1217-B,12-1272-B
