a tete	305-2618-S
abacus	1-35-B
abalone	1-64-B,1-88-B
abandon	1-112-B,1-139-B,1-181-B,1-217-B,1-247-B,1-274-B,1-304-B,1-349-B,1-391-B,1-430-B,1-457-B,1-487-B,1-517-B,1-547-B,1-583-B,1-616-B,1-649-B,1-682-B
abandonment	1-718-B,1-746-B,1-777-B,1-808-B,1-839-B,1-870-B,1-901-B,1-929-B,1-957-B,1-985-B
abasement	1-1022-B,266-3613-S
abate	1-1054-B,1-1082-B,1-1107-B,1-1135-B,1-1166-B,1-1194-B,1-1216-B,1-1250-B,1-1281-B
abatement	1-1312-B,1-1347-B,1-1379-B,1-1414-B,1-1455-B,1-1484-B,1-1516-B
abattoir	1-1548-B,1-1588-B
abbe	1-1625-B
abbey	1-1649-B,1-1689-B
abbot	1-1738-B,1-1790-B,1-1833-B
abbreviate	1-1894-B,1-1939-B,1-1981-B
abbreviation	1-2014-B,1-2043-B,1-2078-B,1-2116-B,1-2157-B,1-2192-B,1-2227-B,1-2268-B,1-2306-B,1-2341-B,1-2379-B
abdication	1-2426-B,1-2459-B
abdomen	1-2489-B,1-2525-B,1-2552-B,1-2582-B,1-2612-B,1-2645-B,1-2672-B,1-2693-B
abduct	1-2720-B,1-2746-B
abduction	1-2772-B,1-2804-B,1-2830-B,1-2865-B,1-2897-B
aberrant	1-2938-B
aberration	1-2996-B,1-3029-B
abet	1-3062-B,1-3092-B,1-3122-B,1-3152-B,1-3179-B
abeyance	1-3209-B,1-3243-B,1-3271-B
abhor	1-3302-B
abide	1-3339-B,1-3361-B,1-3392-B,1-3420-B,1-3451-B,1-3479-B,1-3507-B
ability	1-3532-B,1-3559-B,1-3589-B,1-3616-B,1-3646-B,1-3670-B,1-3703-B,1-3733-B,1-3763-B,1-3784-B,1-3817-B,1-3847-B,1-3877-B,1-3907-B,1-3937-B,1-3964-B,1-3994-B,1-4024-B,1-4051-B,1-4087-B,1-4120-B
abject	1-4150-B,1-4176-B
abjuration	1-4214-B
ablation	1-4247-B
able	1-4278-B,1-4302-B
abnegation	1-4329-B
abnormal	1-4362-B,1-4390-B,1-4430-B,1-4467-B,1-4507-B,1-4544-B,1-4590-B
abnormality	1-4624-B,1-4658-B,1-4692-B,1-4729-B,1-4763-B,1-4797-B
abolish	1-4828-B,1-4852-B
abolition	1-4876-B,1-4905-B,1-4937-B
abolitionist	1-4969-B
abominable	1-5022-B,1-5067-B,1-5106-B,1-5136-B
aboriginal	1-5166-B,1-5211-B,1-5244-B,1-5277-B
aborigine	1-5310-B
abort	1-5339-B,1-5358-B
abortion	1-5392-B,1-5426-B,1-5496-B,1-5548-B,1-5576-B,1-5628-B
abortionist	1-5662-B
about	1-5699-B,1-5718-B,1-5737-B,1-5756-B,1-5778-B,1-5800-B,1-5825-B,1-5853-B,1-5881-B,1-5906-B,1-5925-B,1-5950-B,1-5981-B,1-6012-B,1-6031-B,1-6050-B
about face	1-6069-B,1-6102-B,1-6141-B
above	1-6174-B,1-6193-B,1-6221-B,1-6246-B
abrade	1-6280-B,1-6321-B,1-6362-B
abrasion	1-6403-B,1-6431-B,2-0-B,2-28-B,2-62-B,2-93-B,2-133-B,2-167-B,2-198-B,2-226-B
abreast	2-254-B,2-284-B,2-314-B
abridge	2-344-B,2-377-B
abridgment	2-410-B
abroad	2-449-B,2-478-B
abrupt	2-507-B,2-530-B,2-553-B,2-579-B,2-605-B,2-634-B
abruptly	2-660-B,2-682-B,2-713-B,2-741-B,2-775-B,2-806-B,2-843-B,2-874-B
abscess	2-908-B,2-941-B,2-974-B
abscissa	2-1004-B,2-1044-B,2-1075-B,2-1106-B
abscond	2-1137-B,2-1173-B
absconder	2-1206-B
absence	2-1250-B,2-1283-B,2-1310-B,2-1337-B,2-1364-B,2-1397-B,2-1430-B,2-1460-B
absentee	2-1484-B,2-1524-B
absentmindedly	2-1564-B,2-1592-B,2-1620-B
absinthe	2-1675-B
absolute	2-1697-B,2-1743-B,2-1774-B
absolutely	2-1814-B,2-1847-B,2-1880-B,2-1913-B,2-1946-B,2-1979-B,2-2015-B,2-2054-B,2-2093-B,2-2126-B,2-2159-B,2-2192-B,2-2231-B,2-2264-B,2-2306-B,2-2345-B
absoluteness	2-2378-B
absolutism	2-2413-B,2-2455-B
absorb	2-2503-B
absorbency	2-2538-B
absorption	2-2583-B,2-2616-B,2-2649-B,2-2679-B,2-2718-B,2-2754-B,2-2787-B,2-2820-B
abstemious	2-2853-B
abstention	2-2895-B,2-2931-B,2-2973-B
abstinence	2-3000-B,2-3027-B,2-3063-B,2-3099-B,2-3132-B,2-3165-B,2-3198-B
abstract	2-3231-B,2-3268-B,2-3305-B,2-3351-B
abstractedly	2-3379-B,2-3405-B
abstraction	2-3431-B,2-3471-B,2-3517-B
abstruse	2-3554-B
abstruseness	2-3588-B
absurd	2-3620-B,2-3652-B,2-3687-B,2-3725-B,2-3769-B,2-3813-B,2-3851-B,2-3892-B,2-3927-B,2-3965-B,2-3994-B,2-4023-B,2-4064-B,2-4105-B,2-4152-B,2-4178-B,2-4222-B,2-4254-B,2-4280-B,2-4321-B,2-4362-B,2-4391-B,2-4435-B,2-4479-B,2-4523-B,2-4567-B,2-4602-B,2-4643-B
absurdity	2-4681-B,2-4719-B,2-4754-B,2-4798-B,2-4827-B,2-4859-B,2-4888-B,2-4935-B
absurdly	2-4976-B,2-5010-B
abundance	2-5044-B,2-5079-B,2-5108-B,2-5143-B,2-5172-B,2-5207-B,2-5236-B
abundant	2-5277-B,2-5299-B,2-5342-B,2-5370-B
abundantly	2-5404-B,2-5434-B
abuse	2-5476-B,2-5492-B,2-5520-B,2-5545-B,2-5573-B,2-5601-B,2-5641-B,2-5669-B,2-5697-B,2-5725-B,2-5753-B,2-5781-B,2-5821-B,2-5858-B,2-5895-B,2-5923-B,2-5948-B,2-5976-B,2-6001-B,2-6026-B,2-6048-B,2-6073-B,2-6098-B,2-6120-B,2-6151-B,2-6176-B,2-6204-B
abusive	2-6244-B,2-6286-B,2-6328-B
abutment	2-6367-B
abyss	2-6395-B,2-6435-B,2-6463-B,2-6491-B
acacia	2-6510-B,2-6530-B
academia	2-6589-B
academic	2-6614-B,2-6642-B
academician	2-6685-B
academicism	3-0-B
academy	3-34-B,3-58-B,3-88-B,3-118-B
accede	3-157-B
accelerate	3-198-B,3-231-B,3-267-B
acceleration	3-303-B,3-338-B,3-373-B,3-405-B,3-443-B
accelerator	3-475-B
accent	3-512-B,3-535-B,3-567-B,3-599-B,3-628-B,3-654-B
accept	3-683-B,3-706-B,3-738-B,3-767-B,3-808-B,3-843-B,3-881-B,3-913-B,3-945-B,3-977-B,3-1006-B,3-1047-B,3-1091-B,3-1123-B,3-1152-B,3-1178-B
acceptance	3-1207-B,3-1240-B,3-1276-B,3-1309-B,3-1348-B,3-1387-B,3-1420-B,3-1450-B,3-1483-B,3-1516-B,3-1552-B,3-1588-B,3-1621-B,3-1654-B,3-1687-B
accepting	3-1720-B
access	3-1758-B
accessibility	3-1778-B
accession	3-1817-B,3-1852-B
accessory	3-1887-B,3-1913-B,3-1942-B,3-1980-B,3-2015-B,3-2053-B,3-2091-B,3-2120-B,3-2158-B
accident	3-2196-B,3-2224-B,3-2252-B,3-2289-B,3-2326-B,3-2354-B,3-2379-B,3-2410-B,3-2444-B,3-2475-B,3-2503-B,3-2534-B,3-2565-B,3-2596-B,3-2624-B,3-2652-B,3-2683-B,3-2711-B
accidental	3-2742-B,3-2772-B,3-2799-B,3-2829-B,3-2862-B
accidentally	3-2904-B,3-2930-B,3-2956-B,3-2982-B,3-3011-B,3-3046-B
acclamation	3-3081-B,3-3115-B
acclimation	3-3146-B
accommodate	3-3180-B,3-3232-B
accommodation	3-3263-B,3-3296-B,3-3347-B,3-3407-B,3-3440-B,3-3476-B,3-3512-B
accompaniment	3-3548-B,3-3587-B,3-3629-B,3-3671-B,3-3710-B,3-3743-B,3-3782-B
accompanist	3-3821-B
accompany	3-3864-B,3-3908-B,3-3946-B,3-3990-B,3-4016-B,3-4048-B,3-4080-B,3-4106-B,3-4138-B,3-4182-B,3-4214-B,3-4246-B,3-4272-B,3-4304-B,3-4345-B,3-4383-B,3-4421-B
accompanying	3-4456-B,3-4482-B,3-4511-B,3-4546-B,3-4581-B,3-4619-B
accomplice	3-4654-B,3-4672-B,3-4717-B,3-4762-B,3-4801-B,3-4828-B,3-4861-B,3-4897-B,3-4930-B
accomplish	3-4963-B,3-5008-B,3-5047-B,3-5080-B,3-5125-B,3-5158-B,3-5191-B,3-5227-B,3-5272-B,3-5299-B,3-5332-B,3-5377-B,3-5422-B,3-5449-B,3-5491-B,3-5530-B,3-5563-B,3-5602-B
accomplishment	3-5647-B,3-5684-B,3-5721-B,3-5758-B,3-5801-B,3-5829-B,3-5866-B
accord	3-5903-B,3-5923-B,3-5955-B
accordingly	3-6005-B,3-6039-B,3-6073-B,3-6107-B,3-6141-B
accordion	3-6175-B,3-6207-B,3-6236-B
accost	3-6274-B
account	3-6315-B,3-6339-B,3-6375-B,3-6408-B,3-6438-B,3-6465-B
accountability	3-6489-B
accountancy	3-6535-B
accountant	3-6578-B,3-6611-B,3-6644-B,3-6689-B,3-6731-B,3-6773-B
accounting	3-6821-B,3-6857-B
accreditation	4-0-B
accrue	4-36-B,4-65-B
accumulate	4-91-B,4-124-B,4-169-B,4-217-B,4-265-B
accumulation	4-298-B,4-333-B,4-374-B,4-415-B,4-456-B,4-500-B,4-535-B,4-576-B,4-611-B
accumulator	4-649-B,4-683-B,4-720-B
accuracy	4-757-B,4-794-B,4-831-B
accurate	4-859-B,4-893-B,4-948-B,4-979-B,4-1010-B,4-1041-B,4-1072-B,4-1103-B,4-1131-B,4-1165-B,4-1196-B
accurately	4-1227-B,4-1251-B,4-1284-B,4-1323-B,4-1356-B
accusation	4-1395-B,4-1425-B,4-1455-B,4-1488-B
accuse	4-1521-B,4-1574-B,4-1597-B,4-1620-B
accuser	4-1646-B
accustom	4-1676-B
ace	4-1707-B
acetate	4-1721-B,4-1745-B
acetone	4-1784-B
acetylation	4-1805-B
acetylcholine	4-1851-B
acetylene	4-1887-B
ache	4-1913-B,4-1937-B
achieve	4-1961-B,4-1991-B,4-2021-B,4-2057-B,4-2087-B,4-2117-B
achievement	4-2156-B,4-2187-B,4-2221-B,4-2258-B,4-2292-B,4-2326-B,4-2357-B,4-2394-B
achromatic	4-2428-B
acid	4-2461-B,4-2479-B,4-2497-B,4-2518-B
acidification	4-2551-B
acidity	4-2587-B,4-2614-B,4-2641-B
acidosis	4-2671-B,4-2699-B
acknowledge	4-2742-B,4-2776-B
acknowledgement	4-2813-B,4-2863-B,4-2901-B,4-2945-B,4-2983-B,4-3033-B,4-3074-B,4-3109-B,4-3147-B,4-3182-B,4-3220-B,4-3264-B
acknowledgment	4-3308-B,4-3345-B,4-3385-B
acme	4-3422-B
acne	4-3446-B,4-3482-B,4-3515-B,4-3539-B
acolyte	4-3566-B,4-3593-B
aconite	4-3620-B
acorn	4-3653-B
acoustic	4-3681-B,4-3715-B
acquaintance	4-3749-B,4-3787-B,4-3825-B,4-3863-B,4-3898-B,4-3936-B,4-3974-B,4-4006-B,4-4041-B,4-4082-B,4-4117-B,4-4149-B,4-4187-B,4-4216-B,4-4251-B,4-4286-B,4-4321-B,4-4359-B,4-4397-B,4-4432-B,4-4476-B,4-4520-B,4-4561-B
acquiesce	4-4605-B
acquiescence	4-4640-B
acquire	4-4678-B
acquirer	4-4702-B
acquisition	4-4742-B,4-4779-B,4-4813-B,4-4847-B
acquittal	4-4884-B,4-4916-B,4-4945-B,4-4977-B,4-5024-B
acre	4-5059-B
acreage	4-5077-B
acrid	4-5104-B
acrimonious	4-5120-B
acrobat	4-5154-B,4-5181-B,4-5220-B
acrobatic	4-5256-B
acronym	4-5288-B,4-5318-B
acropolis	4-5351-B
across	4-5380-B,4-5406-B
across the board	4-5429-B
acrylonitrile	4-5468-B
act	4-5507-B,4-5530-B,4-5553-B,4-5579-B,4-5608-B,4-5631-B,4-5660-B,4-5677-B,4-5700-B,4-5744-B
acting	4-5767-B,4-5793-B,4-5819-B,4-5839-B
action	4-5865-B,4-5888-B,4-5917-B,4-5943-B,4-5969-B,4-5995-B,4-6021-B,4-6050-B,4-6076-B,4-6105-B,4-6131-B,4-6160-B,4-6192-B
activation	4-6221-B,4-6260-B,4-6299-B
activator	4-6338-B
active	4-6379-B,4-6402-B,4-6425-B,4-6463-B,4-6492-B,4-6521-B,4-6550-B,5-0-B,5-29-B
actively	5-67-B,5-89-B
activist	5-123-B
activity	5-163-B,5-194-B,5-225-B,5-253-B,5-284-B,5-315-B,5-346-B,5-380-B,5-411-B,5-445-B,5-479-B
actor	5-507-B,5-526-B,5-545-B,5-573-B,5-592-B,5-611-B,5-639-B,5-661-B,5-680-B,5-720-B,5-748-B,5-776-B
actress	5-804-B,5-828-B,5-858-B,5-888-B
actual	5-918-B,5-944-B
actuality	5-973-B
actually	5-1011-B,5-1051-B,5-1079-B,5-1110-B
acupressure	5-1141-B
acupuncture	5-1175-B,5-1209-B,5-1246-B,5-1271-B,5-1302-B,5-1345-B
acute	5-1382-B,5-1410-B,5-1429-B,5-1457-B,5-1485-B
acutely	5-1513-B,5-1543-B
acuteness	5-1573-B
acyclic	5-1605-B
ad	5-1653-B
adagio	5-1663-B,5-1686-B
adamantine	5-1727-B
adapt	5-1760-B,5-1803-B,5-1846-B,5-1886-B
adaptability	5-1926-B,5-1979-B,5-2014-B,5-2061-B,5-2096-B,5-2131-B,5-2178-B,5-2222-B,5-2272-B
adaptable	5-2319-B
adaptation	5-2351-B,5-2384-B,5-2414-B,5-2444-B,5-2477-B
adapter	5-2513-B,5-2534-B
adaptive	5-2558-B
add	5-2586-B,5-2612-B,5-2635-B,5-2661-B,5-2693-B,5-2731-B,5-2766-B,5-2792-B,5-2830-B,5-2862-B
addendum	5-2891-B
adder	5-2922-B,5-2947-B
addict	5-2969-B
addiction	5-3010-B
addition	5-3054-B,5-3091-B,5-3128-B,5-3165-B,5-3190-B,5-3215-B,5-3249-B,5-3268-B,5-3305-B,5-3333-B,5-3361-B,5-3389-B,5-3417-B,5-3451-B,5-3485-B,5-3513-B,5-3550-B,5-3587-B,5-3618-B,5-3652-B,5-3686-B
additional	5-3714-B,5-3738-B
additionally	5-3765-B,5-3803-B
additive	5-3859-B,5-3896-B
address	5-3933-B,5-3954-B,5-3987-B,5-4014-B,5-4044-B,5-4080-B,5-4113-B,5-4140-B,5-4173-B,5-4203-B,5-4236-B,5-4266-B,5-4296-B,5-4323-B,5-4353-B,5-4386-B,5-4425-B,5-4455-B,5-4485-B,5-4530-B,5-4566-B,5-4605-B,5-4635-B,5-4662-B,5-4695-B,5-4728-B,5-4773-B,5-4818-B
addressee	5-4848-B,5-4889-B,5-4927-B,5-4956-B
adept	5-4994-B,5-5013-B
adequacy	5-5038-B,5-5069-B
adequate	5-5100-B,5-5134-B,5-5168-B
adhere	5-5199-B
adherence	5-5222-B
adherent	5-5254-B,5-5285-B,5-5325-B,5-5353-B,5-5384-B,5-5412-B,5-5437-B,5-5468-B
adhesion	5-5496-B,5-5527-B,5-5570-B,5-5607-B,5-5656-B,5-5693-B,5-5730-B,5-5767-B,5-5804-B,5-5832-B,5-5863-B,5-5897-B,5-5940-B,5-5974-B,5-6017-B,5-6048-B,5-6079-B
adhesive	5-6122-B,5-6162-B,5-6205-B
adiabatic	5-6248-B
adieu	5-6289-B,5-6332-B
adipose	5-6375-B
adjacent	5-6402-B,5-6433-B,5-6464-B
adjoin	5-6507-B,6-0-B,6-29-B,6-79-B
adjoining	6-108-B
adjournment	6-152-B,6-189-B,6-223-B,6-254-B,6-288-B
adjudication	6-322-B
adjust	6-357-B,6-401-B,6-424-B,6-468-B,6-515-B,6-550-B,6-585-B,6-611-B,6-640-B
adjustment	6-675-B,6-711-B,6-747-B,6-777-B,6-810-B,6-843-B,6-873-B,6-906-B,6-936-B,6-972-B
adjutant	6-1008-B,6-1039-B
administer	6-1070-B,6-1106-B,6-1142-B
administration	6-1178-B,6-1230-B,6-1273-B,6-1310-B,6-1344-B,6-1378-B,6-1415-B,6-1452-B,6-1489-B,6-1529-B,6-1569-B
administrator	6-1606-B,6-1642-B,6-1687-B
admirable	6-1732-B,6-1767-B,6-1802-B,6-1843-B,6-1878-B,6-1907-B
admiral	6-1936-B,6-1969-B,6-2002-B,6-2035-B
admiration	6-2065-B,6-2098-B,6-2131-B,6-2161-B,6-2191-B,6-2227-B,6-2260-B,6-2284-B,6-2317-B,6-2350-B,6-2383-B,6-2416-B,6-2449-B,6-2485-B,6-2521-B,6-2557-B,6-2590-B,6-2620-B,6-2656-B,6-2686-B,6-2722-B,6-2758-B,6-2794-B,6-2830-B,6-2863-B,6-2896-B,6-2929-B,6-2962-B,6-2992-B,6-3028-B,6-3064-B,6-3097-B,6-3133-B,6-3169-B
admire	6-3205-B,6-3234-B,6-3269-B,6-3298-B,6-3342-B,6-3377-B,6-3406-B
admirer	6-3450-B,6-3489-B,6-3519-B
admission	6-3558-B,6-3590-B,6-3622-B,6-3657-B,6-3695-B,6-3730-B,6-3762-B,6-3797-B
admit	6-3826-B,6-3854-B
admittance	6-3882-B
admixture	6-3912-B
admonish	6-3956-B,6-3993-B
admonishment	6-4021-B,6-4059-B,6-4097-B
admonition	6-4132-B,6-4165-B,6-4198-B,6-4231-B,6-4264-B,6-4297-B,6-4327-B,6-4360-B,6-4390-B,6-4420-B,6-4453-B
ado	6-4486-B
adobe	6-4515-B,6-4534-B
adolescence	6-4574-B,6-4608-B,6-4651-B
adolescent	6-4691-B
adopt	6-4727-B,6-4767-B,6-4807-B
adoption	6-4835-B,6-4866-B,6-4897-B,6-4931-B
adoration	6-4977-B,6-5009-B,6-5038-B,6-5070-B,6-5102-B,6-5134-B,6-5163-B,6-5198-B,6-5230-B,6-5259-B,6-5291-B,6-5323-B,6-5355-B,6-5387-B,6-5416-B,6-5445-B
adore	6-5474-B
adorn	6-5499-B,6-5542-B
adornment	6-5567-B
adroit	6-5605-B,6-5634-B,6-5675-B
adsorb	6-5716-B
adsorption	6-5751-B
adulation	6-5790-B,6-5822-B,6-5854-B,6-5886-B
adult	6-5933-B,6-5952-B,6-5989-B,6-6008-B,6-6027-B,6-6052-B,6-6080-B,6-6108-B
adulteration	6-6145-B,6-6180-B,6-6224-B,6-6262-B
adulterer	6-6300-B,6-6329-B,6-6367-B
adulteress	6-6399-B
adultery	6-6429-B,6-6457-B,6-6482-B,6-6513-B,6-6544-B,6-6593-B,6-6624-B,6-6655-B,6-6683-B
adulthood	6-6714-B
advance	6-6746-B,7-0-B,7-30-B,7-60-B,7-87-B,7-120-B,7-153-B,7-186-B,7-216-B,7-258-B,7-288-B,7-318-B,7-348-B,7-378-B,7-423-B,7-459-B,7-501-B,7-537-B,7-564-B,7-597-B,7-630-B,7-660-B,7-690-B,7-720-B
advancement	7-750-B,7-787-B,7-824-B,7-864-B,7-898-B,7-932-B,7-969-B
advantage	7-1006-B,7-1038-B,7-1067-B,7-1099-B,7-1119-B,7-1148-B,7-1171-B,7-1194-B
advantageous	7-1217-B,7-1249-B,7-1293-B
advent	7-1325-B,7-1354-B,7-1383-B
adventure	7-1412-B,7-1444-B
adventurer	7-1476-B,7-1515-B
adverb	7-1557-B
adversary	7-1583-B
adverse	7-1624-B,7-1663-B,7-1690-B
adversity	7-1723-B,7-1752-B,7-1784-B,7-1816-B
advertisement	7-1854-B,7-1875-B,7-1917-B
advertising	7-1953-B
advice	7-1990-B,7-2013-B,7-2042-B,7-2071-B,7-2097-B,7-2126-B,7-2161-B,7-2193-B,7-2222-B,7-2245-B,7-2271-B
advisability	7-2300-B
advise	7-2329-B,7-2349-B,7-2381-B,7-2416-B
adviser	7-2448-B,7-2475-B,7-2514-B,7-2553-B,7-2592-B,7-2631-B,7-2655-B,7-2679-B
advisor	7-2706-B,7-2736-B,7-2772-B
advocacy	7-2814-B,7-2848-B,7-2882-B,7-2913-B,7-2947-B,7-2981-B,7-3009-B,7-3043-B,7-3077-B
advocate	7-3105-B,7-3148-B,7-3188-B,7-3225-B,7-3262-B,7-3305-B,7-3339-B,7-3364-B,7-3395-B
adze	7-3432-B,7-3459-B
aerial	7-3483-B
aeroplane	7-3509-B
aerosol	7-3544-B,7-3568-B
aerospace	7-3592-B
aesthetic	7-3621-B,7-3653-B,7-3691-B,7-3729-B,7-3758-B
affability	7-3796-B
affable	7-3847-B,7-3889-B,7-3937-B,7-3982-B
affair	7-4009-B,7-4029-B,7-4055-B,7-4084-B,7-4113-B,7-4130-B,7-4162-B,7-4185-B
affect	7-4208-B,7-4234-B,7-4263-B,7-4295-B,7-4333-B,7-4392-B,7-4421-B,7-4453-B,7-4482-B,7-4511-B,7-4540-B,7-4572-B
affectation	7-4598-B,7-4644-B,7-4678-B,7-4712-B,7-4746-B,7-4774-B,7-4814-B,7-4845-B,7-4882-B,7-4913-B
affection	7-4950-B,7-4985-B,7-5014-B,7-5046-B,7-5081-B,7-5116-B,7-5145-B,7-5180-B,7-5218-B,7-5247-B
affectionate	7-5282-B,7-5308-B,7-5346-B
affidavit	7-5381-B,7-5419-B,7-5466-B,7-5501-B,7-5545-B,7-5580-B,7-5624-B
affiliate	7-5689-B,7-5721-B
affiliation	7-5762-B,7-5796-B,7-5827-B,7-5861-B
affinity	7-5895-B,7-5932-B,7-5966-B,7-5997-B,7-6025-B,7-6062-B,7-6096-B,7-6124-B,7-6161-B,7-6201-B
affirmation	7-6232-B,7-6266-B,7-6300-B
affirmative	7-6334-B
affix	7-6377-B,7-6393-B,7-6421-B,7-6461-B,7-6501-B,7-6523-B,7-6548-B,8-0-B,8-40-B
afflatus	8-80-B
afflict	8-111-B,8-144-B
affliction	8-177-B,8-210-B,8-240-B,8-270-B,8-300-B,8-333-B
affluence	8-363-B,8-383-B
afforestation	8-415-B,8-454-B,8-487-B,8-523-B
affray	8-559-B
aforesaid	8-588-B,8-623-B,8-652-B
aforethought	8-684-B
after	8-716-B,8-735-B,8-754-B,8-773-B
afterbirth	8-795-B,8-828-B,8-861-B,8-891-B
aftercare	8-924-B
afterdeck	8-953-B
afterglow	8-994-B,8-1023-B,8-1055-B
afterlife	8-1090-B
aftermath	8-1122-B,8-1163-B
afternoon	8-1189-B,8-1218-B,8-1244-B,8-1270-B
aftershock	8-1305-B,8-1335-B
aftertaste	8-1377-B
afterward	8-1410-B
again	8-1442-B,8-1455-B,8-1492-B,8-1535-B,8-1554-B,8-1573-B,8-1601-B,8-1626-B,8-1645-B,8-1682-B,8-1713-B,8-1747-B
against	8-1772-B,8-1811-B,8-1850-B,8-1874-B
agape	8-1895-B,8-1914-B,8-1942-B
agate	8-1979-B
age	8-2004-B,8-2018-B,8-2044-B,8-2058-B,8-2072-B,8-2107-B,8-2133-B,8-2150-B,8-2185-B,8-2211-B,8-2237-B,8-2266-B,8-2289-B,8-2312-B,8-2338-B,8-2364-B,8-2390-B,8-2416-B,8-2451-B,8-2477-B,8-2494-B,8-2520-B,8-2546-B
ageing	8-2578-B,8-2601-B
ageism	8-2627-B
agency	8-2650-B,8-2679-B,8-2708-B,8-2740-B,8-2772-B,8-2810-B,8-2839-B,8-2865-B,8-2900-B,8-2938-B,8-2973-B,8-3017-B,8-3049-B,8-3081-B,8-3125-B,8-3148-B,8-3198-B,8-3233-B,8-3262-B,8-3300-B,8-3338-B,8-3364-B
agenda	8-3387-B,8-3410-B,8-3451-B,8-3495-B,8-3524-B
agent	8-3550-B,8-3575-B,8-3606-B,8-3637-B,8-3665-B,8-3690-B,8-3724-B,8-3758-B,8-3804-B,8-3838-B,8-3875-B,8-3906-B,8-3949-B,8-3977-B,8-4020-B,8-4060-B
agglomeration	8-4097-B
agglutination	8-4124-B,8-4160-B,8-4193-B,8-4232-B,8-4280-B,8-4316-B
aggravate	8-4352-B,8-4393-B
aggravation	8-4434-B,8-4468-B,8-4502-B,8-4533-B,8-4564-B,8-4595-B
aggregate	8-4638-B,8-4673-B
aggregation	8-4705-B,8-4751-B
aggression	8-4788-B,8-4824-B,8-4860-B,8-4896-B,8-4929-B
aggressive	8-4965-B,8-4995-B,8-5040-B,8-5085-B,8-5124-B,8-5166-B
aggressiveness	8-5208-B
aggressor	8-5263-B
agile	8-5307-B,8-5338-B,8-5369-B,8-5400-B
agility	8-5425-B,8-5458-B,8-5488-B
agism	8-5518-B
agitate	8-5540-B,8-5585-B,8-5615-B,8-5660-B
agitation	8-5687-B,8-5704-B,8-5736-B,8-5768-B,8-5800-B,8-5832-B,8-5870-B,8-5905-B,8-5937-B,8-5969-B,8-6001-B,8-6033-B,8-6065-B
agitator	8-6097-B,8-6125-B
agnostic	8-6165-B,8-6205-B
agnosticism	8-6254-B
ago	8-6297-B,8-6320-B,8-6349-B,9-0-B
agonist	9-17-B
agony	9-56-B,9-84-B,9-109-B,9-134-B,9-162-B,9-190-B,9-218-B,9-243-B
agoraphobia	9-268-B,9-302-B
agree	9-363-B,9-403-B,9-443-B
agreeable	9-474-B,9-509-B,9-541-B
agreeing	9-588-B
agreement	9-616-B,9-648-B,9-677-B,9-715-B,9-750-B,9-794-B,9-838-B,9-873-B,9-911-B,9-949-B,9-984-B,9-1016-B,9-1051-B,9-1077-B,9-1106-B,9-1138-B,9-1167-B,9-1196-B,9-1225-B,9-1257-B,9-1286-B,9-1318-B,9-1350-B,9-1379-B,9-1408-B,9-1443-B,9-1478-B,9-1510-B,9-1557-B,9-1604-B,9-1639-B,9-1674-B,9-1706-B,9-1732-B,9-1767-B,9-1799-B,9-1831-B,9-1863-B,9-1892-B,9-1924-B,9-1953-B,9-1985-B,9-2020-B
agribusiness	9-2055-B
agricultural	9-2090-B
agriculture	9-2119-B,9-2156-B,9-2190-B,9-2215-B,9-2246-B,9-2280-B,9-2317-B
ague	9-2351-B,9-2375-B
ah	9-2399-B
ahead	9-2409-B,9-2428-B,9-2453-B
aid	9-2478-B,9-2492-B,9-2512-B,9-2538-B,9-2561-B,9-2587-B,9-2610-B,9-2633-B,9-2662-B,9-2691-B,9-2717-B,9-2737-B,9-2760-B,9-2780-B,135-3893-S
aide	9-2803-B,9-2827-B,9-2854-B,9-2881-B
aide de camp	9-2911-B,9-2946-B
aileron	9-2981-B
ailment	9-3017-B
aim	9-3047-B,9-3070-B,9-3096-B,9-3116-B,9-3142-B,9-3174-B,9-3197-B,9-3217-B,9-3237-B,9-3260-B,9-3280-B,9-3303-B,9-3329-B,9-3355-B
aimless	9-3378-B,9-3420-B
aimlessly	9-3450-B,9-3473-B,9-3496-B,9-3516-B,9-3539-B,9-3559-B,9-3582-B,9-3632-B,9-3676-B,9-3711-B,9-3749-B,9-3784-B
air	9-3819-B,9-3830-B,9-3844-B,9-3864-B,9-3881-B,9-3907-B,9-3927-B,9-3947-B,9-3970-B,9-3993-B,9-4022-B,9-4045-B,9-4068-B,9-4123-S,205-4359-S,205-4387-S,298-4243-S
air conditioner	9-4094-B
air to air	9-4123-B
air to surface	9-4165-B
airborne	9-4208-B,9-4233-B
airbrush	9-4264-B
aircraft	9-4289-B
airfare	9-4326-B
airflow	9-4374-B
airily	9-4401-B,9-4436-B
airline	9-4471-B
airmail	9-4495-B,9-4543-B
airplane	9-4579-B
airport	9-4613-B,9-4637-B,9-4667-B
airship	9-4706-B
airspace	9-4742-B,9-4773-B
airtight	9-4804-B,9-4835-B
airway	9-4863-B
airy	9-4886-B
aisle	9-4904-B
akin	9-4920-B
alacrity	9-4947-B
alarm	9-4978-B,9-4997-B,9-5028-B,9-5056-B,9-5090-B,9-5118-B
alarming	9-5164-B,9-5204-B,9-5235-B,9-5284-B,9-5321-B
albatross	9-5358-B,9-5387-B,9-5425-B,9-5466-B
albino	9-5504-B,9-5524-B,9-5565-B
album	9-5591-B
albumin	9-5610-B,9-5634-B
albuminuria	9-5664-B
alchemist	9-5710-B
alchemy	9-5760-B,9-5802-B,9-5844-B
alcohol	9-5886-B,9-5913-B,9-5937-B
alcoholism	9-5958-B,9-6024-B,9-6096-B
alcove	10-0-B,10-23-B,10-43-B
aldehyde	10-75-B
alert	10-100-B,10-119-B
alertly	10-144-B
algae	10-162-B,10-178-B
algebra	10-206-B,10-236-B
algorithm	10-275-B,10-304-B
algorithmic	10-354-B
alias	10-391-B,10-413-B,10-444-B,10-469-B,10-500-B,10-531-B,10-559-B,10-590-B,10-621-B,10-652-B,10-680-B,10-708-B,10-733-B,10-761-B,10-789-B,10-814-B,10-845-B
alibi	10-870-B,10-889-B
alien	10-935-B,10-957-B,10-979-B,10-1013-B
alienate	10-1047-B,10-1072-B,10-1100-B
alienation	10-1140-B,10-1170-B,10-1221-B,10-1251-B
alight	10-1281-B
alignment	10-1322-B,10-1354-B,10-1398-B,10-1433-B,10-1489-B,10-1527-B
alike	10-1556-B
alimony	10-1581-B
alkali	10-1620-B
alkaline	10-1640-B
alkaloid	10-1686-B
alkalosis	10-1714-B
all	10-1746-B,10-1763-B,10-1780-B,10-1806-B,10-1832-B,10-1849-B,10-1866-B,10-1886-B,10-1909-B,10-1935-B,10-1961-B,10-1981-B,10-2010-B,10-2039-B,10-2068-B,10-2094-B,10-2120-B,10-2152-B,10-2184-B,10-2213-B,10-2230-B,10-2253-B,10-2279-B,10-2305-B,10-2328-B,10-2348-B,10-2365-B,10-2388-B,10-2417-B,10-2443-B,10-2469-B,10-2507-B,10-2533-B,10-2562-B,10-2594-B,10-2635-B,10-2664-B,10-2690-B,10-2719-B,10-2736-B,10-2756-B,10-2782-B,10-2808-B,10-2825-B,10-2848-B,10-2874-B,10-2900-B,72-2350-S,72-2390-S
all around	10-2926-B
all inclusive	10-2959-B
all out	10-3004-B
all purpose	10-3043-B,10-3077-B,10-3123-B,10-3157-B,10-3191-B
all round	10-3225-B,10-3257-B
all weather	10-3304-B
allegation	10-3347-B,10-3389-B,10-3425-B
allegiance	10-3464-B,10-3500-B
allegorical	10-3539-B
allegory	10-3579-B,10-3604-B,10-3632-B,10-3681-B,10-3712-B,10-3740-B,10-3765-B,10-3793-B,10-3821-B,10-3861-B,10-3889-B
allegretto	10-3917-B
allegro	10-3947-B
allergen	10-3968-B
alleviation	10-3993-B
alley	10-4030-B,10-4055-B,10-4083-B,10-4114-B,10-4145-B
alleyway	10-4167-B
alliance	10-4192-B,10-4220-B,10-4251-B,10-4303-B,10-4334-B,10-4365-B,10-4399-B,10-4430-B,10-4461-B,10-4492-B
allies	10-4523-B
alligator	10-4567-B,10-4596-B,10-4619-B
alliteration	10-4651-B
allocate	10-4686-B
allocation	10-4711-B,10-4744-B,10-4780-B,10-4810-B,10-4840-B,10-4879-B,10-4918-B,10-4966-B,10-4999-B,10-5035-B,10-5068-B,10-5104-B,10-5146-B,10-5182-B,10-5218-B
allot	10-5260-B,10-5300-B,10-5340-B,10-5380-B,10-5414-B,10-5451-B,10-5485-B,10-5522-B,10-5550-B,10-5584-B
allotment	10-5624-B,10-5662-B,10-5700-B,10-5747-B,10-5785-B,10-5817-B,10-5852-B,10-5884-B,10-5919-B,10-5960-B,10-5989-B,10-6018-B,10-6050-B
allotrope	10-6082-B
allow	10-6120-B,10-6157-B
allowable	10-6182-B
allowance	11-0-B,11-35-B,11-61-B,11-90-B,11-119-B,11-154-B,11-189-B,11-218-B,11-250-B,11-282-B,11-308-B,11-340-B,11-381-B
alloy	11-413-B
allspice	11-441-B
allurement	11-472-B
allusion	11-505-B,11-533-B
alluvial	11-564-B
alluvium	11-598-B
ally	11-641-B,11-665-B,11-689-B,11-716-B
almanac	11-740-B,11-767-B
almighty	11-791-B,11-825-B,11-856-B,11-887-B
almond	11-918-B,11-941-B,11-979-B
almost	11-1008-B,11-1031-B,11-1054-B,11-1077-B,11-1109-B,11-1141-B,11-1185-B,11-1232-B,11-1261-B,11-1293-B,11-1313-B,11-1333-B
alms	11-1362-B,11-1389-B,11-1410-B,11-1446-B
aloe	11-1470-B,11-1485-B
aloha	11-1512-B
alone	11-1528-B,11-1559-B,11-1602-B,11-1636-B,11-1670-B,11-1698-B,11-1723-B,11-1754-B,11-1797-B,11-1831-B,11-1871-B
along	11-1911-B,11-1945-B
aloof	11-1973-B,11-1992-B
aloofness	11-2020-B,11-2049-B,11-2078-B
alopecia	11-2113-B,11-2156-B
alpaca	11-2199-B
alpha	11-2219-B
alphabet	11-2238-B,11-2269-B
alphabetic	11-2297-B
alpine	11-2327-B,11-2350-B
alpinist	11-2379-B,11-2407-B,11-2441-B
already	11-2472-B,11-2487-B,11-2517-B,11-2544-B,11-2574-B,11-2604-B,11-2640-B,11-2667-B,11-2697-B,11-2718-B,11-2751-B,11-2778-B,11-2808-B
also	11-2844-B,11-2859-B,11-2871-B,11-2889-B,11-2916-B,11-2949-B
also ran	11-2976-B
altar	11-3007-B,11-3041-B,11-3069-B
alter	11-3097-B,11-3125-B,11-3156-B,11-3187-B,11-3221-B,11-3252-B
alteration	11-3283-B,11-3319-B,11-3352-B,11-3382-B,11-3415-B,11-3445-B,11-3478-B,11-3511-B
altering	11-3538-B
alternate	11-3569-B,11-3598-B,11-3639-B,11-3683-B,11-3733-B,11-3762-B,11-3791-B,11-3823-B,11-3852-B,11-3890-B,11-3928-B
alternately	11-3972-B,11-4021-B,11-4055-B,11-4107-B,11-4153-B,11-4187-B,11-4227-B,11-4273-B,11-4325-B,11-4371-B,11-4417-B,11-4466-B,11-4518-B
alternation	11-4582-B,11-4628-B,11-4662-B
