blasenbildung	28-257-B
blasenentzundung	63-655-B
blaser	28-1421-B
blasig	266-407-B
blass	172-2233-B,172-2267-B,172-2544-B,175-1999-B,268-3306-B
blassbraun	26-2619-B
blasse	172-2280-B,172-2294-B,172-2571-B,172-2590-B
blassgelb	187-2551-B
blasslich	172-2373-B,210-3147-B
blassrosa	180-878-B
blatt	27-787-B,142-1133-B,172-1043-B,219-850-B
blattabtaster	212-1593-B
blattartig	101-2767-B
blattchen	99-2180-B,140-2303-B,142-1212-B
blatter	101-2807-B,142-2229-B,219-907-B
blatterlos	142-1191-B
blattern	33-466-B,225-501-B
blatterteig	174-2879-B
blatthornkafer	40-2487-B
blattlaus	13-303-B
blattwerk	101-2789-B
blau	28-1726-B,28-1736-B
blauaugig	160-3367-B
blauaugigkeit	160-3395-B
blaubeere	26-660-B,28-1841-B,272-1495-B
blaubeeren	26-614-B,28-1793-B
blauer	28-1950-B
blaueste	28-1979-B
blaulich	28-2043-B
blaumeise	165-645-B
blaurot	192-2680-B
blech	181-1845-B
blechblaser	31-1948-B
blechbuchsen	37-453-B,249-1870-B
blechkiste	274-3218-B
blechplatte	219-862-B
blechschmied	249-1985-B
blei	142-757-B,182-1381-B
bleiben	201-1972-B,204-3614-B,232-3364-B
bleibend	1-2017-B,86-3806-B,141-1457-B,177-2397-B,201-2073-B,233-159-B
bleibenden	201-2092-B
bleibt	201-2157-B,204-764-B,232-3419-B
bleich	172-2557-B,210-3133-B,268-3316-B
bleiche	27-2457-B
bleichen	27-1165-B,27-2342-B
bleichend	27-2498-B
bleicher	27-2417-B
bleichgesicht	172-2244-B
bleichmittel	27-2435-B,272-826-B
bleichte	27-2380-B
bleigewicht	182-1394-B
bleiglanz	107-414-B
bleistift	176-707-B
blende	13-187-B,169-1267-B
blenden	64-1219-B
blendend	27-3474-B,109-2485-B,109-2516-B
blendung	109-2435-B
blick	108-131-B,146-3193-B,266-2266-B,267-2135-B
blicken	109-2365-B
blickwinkel	178-139-B
blind 	196-2998-B
blinddarm	13-2418-B,39-3530-B
blinddarmentzundung	13-2330-B
blindenschrift	31-965-B
blindheit	28-15-B
blindschleiche	28-125-B
blindwiderstand	196-2700-B
blinken	99-3051-B,99-3115-B
blitz	29-778-B,99-2911-B,144-1766-B,248-2141-B
blitzableiter	15-3377-B
blitzen	144-1782-B,256-1163-B
blitzend	99-3132-B
blitzkrieg	28-423-B
blitzlampe	99-3094-B
blitzlicht	99-2923-B,99-3150-B
blitzschnell	144-1800-B
block	28-543-B,35-3268-B
blockade	28-658-B
blockflote	198-2344-B
blockieren	28-624-B,28-692-B,131-591-B
blockierung	28-712-B,64-1599-B
blocksatz	138-3009-B
blod	236-3289-B,268-1772-B,275-2940-B
blodel	102-438-B,124-28-B
blodian	124-42-B
blodmann	33-1938-B,73-329-B,124-57-B
blodsinn	163-3291-B
blodsinnig	81-849-B,236-3302-B
blond	28-822-B,28-850-B,94-1851-B,144-1411-B
blondine	28-834-B
bloß	22-1184-B,153-3715-B,153-3747-B,160-3418-B,192-2037-B,192-2116-B,219-659-B
bloße	22-1409-B,160-3453-B
bloßstellung	50-3420-B,93-275-B
blubbern	33-1012-B
bluff	28-1995-B
bluhen	28-1230-B,100-3173-B
bluhend	1-2652-B
bluhte	100-3213-B
blumchen	100-2896-B
blume	100-3442-B
blumen	100-2846-B,100-3508-B
blumen 	100-2860-B
blumenkohl	39-2103-B
blumenkrone	57-141-B
blumenschmuck	100-3523-B
blumenstrauß	30-2552-B,184-3099-B
blumentopf	100-3487-B
blumenzucht	100-2913-B
bluse	28-1334-B
blut	28-863-B,111-261-B
blutader	265-1036-B
blutbad	38-856-B,151-1986-B
blutbahn	28-1066-B
blutbefleckt	28-1087-B
blutdruckmesser	229-1683-B
blutdruckmessgerat	229-1716-B
blutdurstig	35-556-B
blute	28-1121-B,28-1174-B,100-2877-B,100-3455-B
blutegel	142-2908-B
blutend	27-2734-B
blutenfulle	28-1189-B
blutenlos	27-3420-B
blutenscheide	228-2219-B
blutenstaub	95-766-B,183-1116-B
bluter	27-2699-B
bluterguss	33-588-B
bluterkrankheit	118-2695-B
blutezeit	28-1211-B
blutfleck	28-1045-B
blutgeschwur	29-107-B
bluthochdruck	123-1792-B
bluthund	28-948-B
blutig	27-2751-B,28-1107-B,111-615-B
blutkreislauf	43-3682-B
blutlosigkeit	28-992-B
blutschande	127-2079-B
blutsverwandt	139-2037-B
blutsverwandtschaft	139-2412-B
blutung	118-2722-B
blutvergießen	28-1020-B
blutvergiftung	217-915-B
bo	27-1856-B,34-430-B,114-2668-B,214-1662-B
bock	29-1731-B
bockchen	31-681-B
bocken	33-1130-B,33-1167-B
bockwurst	211-3098-B
boden	30-1402-B,30-1532-B,100-2556-B,113-2528-B,113-2697-B,140-2830-B,226-2446-B
bodenbearbeitung	61-2625-B
bodenbebauung	249-509-B
bodenbelag	100-2627-B
bodenbestellung	249-531-B
bodenfalte	106-1850-B
bodenhobel	213-3442-B
bodenkammer	107-2056-B
bodenkrume	250-2479-B
bodenkultivierung	249-555-B
bodenlos	30-1494-B
bodensatz	69-315-B,142-2970-B
bodenschatz	204-2017-B
bodensenke	241-541-B
bodenwelle	34-414-B
bodyguard	28-3336-B
boe	231-434-B
bogen	14-3699-B,14-3781-B,15-254-B,30-2751-B,30-3012-B,265-39-B
bogengang	14-3724-B,15-236-B
bogenschießen	14-4073-B
bogenschutze	14-4052-B
bohle	181-803-B
bohne	23-2560-B
bohnen	23-2571-B
bohren	177-3739-B
bohrer	19-1049-B,30-791-B,80-950-B,80-1105-B
bohrfutter	43-1965-B
bohrgerat	80-963-B
bohrloch	30-773-B
bohrmaschine	80-980-B
bohrung	30-692-B,80-999-B,80-1120-B,120-1286-B
bohrwinde	31-265-B
boje	34-1362-B
bolero	29-732-B
bollwerk	34-279-B,103-2433-B,236-866-B
bolzen	29-789-B,180-339-B,236-1765-B
bombardieren	29-886-B
bombardierung	219-1102-B
bombastik	29-961-B
bombastisch	29-1017-B,111-3321-B,170-2960-B,170-3539-B,183-2276-B
bombe	29-858-B
bomben	29-1075-B
bombenabwurf	29-1054-B
bomber	29-1039-B
bommel	28-2983-B
bon	268-1158-B
bonbon	36-3365-B,111-36-B,147-2287-B,241-1928-B
bonsai	29-1609-B
bonus	127-1825-B,186-1939-B
boom	29-2743-B
boomen	29-2869-B
boot	28-2906-B,237-1663-S
boote	28-2926-B
bootsmann	28-2938-B
bor	30-850-B
borax	30-338-B
bordbrett	219-923-B
bordeaux	44-2317-B
bordell	30-350-B,33-120-B
bordeln	60-1124-B
bordstein	61-3536-B
bordsteinschwalbe	235-1897-B
bordure	30-385-B
borduren	30-642-B
bordwagenheber	136-4010-B
borke	22-1632-B
borsenmakler	234-1036-B
borsenspekulant	23-2608-B
borsensturz	224-3217-B
borste	32-2305-B
bosartig	267-1001-B
bosartigkeit	149-2815-B,266-1765-B
boschung	22-63-B,224-2071-B
bose	152-1600-B,161-1954-B
bosewicht	266-2866-B
boshaft	156-867-B
bosheit	149-2553-B,149-2659-B,149-2797-B,272-1639-B
boson	30-995-B
boss	106-3554-B
boswillig	149-2615-B,149-2636-B
boswilligkeit	149-2235-B,149-2753-B
boswilligkeiten	149-2681-B
botanik	30-1128-B
botaniker	30-1109-B
botanisch	30-1089-B
bote	154-725-B
botengang	89-613-B
botschaft	85-683-B,154-658-B
botschaften	85-661-B
botschafter	10-1911-B
botschafterin	10-1959-B
botschaftskanzlei	40-3722-B
bottcher	56-1769-B
boulevard	30-1801-B
bouquet	30-2574-B
boutique	30-2718-B
bowlen	30-2985-B
box	147-1190-B
boxen	30-3138-B,30-3167-B,30-3209-B,191-3556-B,192-690-B,214-1803-B,228-1740-B
boxer	191-3528-B,191-3591-B
boykott	30-3277-B
boysenbeere	31-200-B
bramme	223-1118-B
branche	31-1392-B,144-3296-B
brand	27-2148-B,27-3210-B,98-2151-B,107-1218-B
brandblase	28-223-B
brandblasen	28-318-B
brande	98-2660-B
brandfleck	34-2359-B,213-2463-B
brandmal	31-1783-B,233-3314-B
brandmarken	31-1844-B,68-2147-B
brandmarkenbildung	34-2432-B
brandmauer	98-2674-B
brandsicher	98-2618-B
brandsohle	132-1411-B
brandspant	98-2694-B
brandstifter	16-356-B,98-2336-B,127-1651-B
brandstiftung	16-336-B,127-1675-B
brandung	240-1504-B
brandwand	98-2714-B
brandzeichen	31-1798-B
branntwein	31-1881-B,98-2790-B,229-3035-B
braten	22-1025-B,137-3190-B,207-2966-B,207-2979-B
bratensoße	112-2576-B
bratrost	32-3040-B,113-243-B,113-549-B
bratsche	266-3374-B
bratspieß	222-3173-B,229-3217-B
bratwurst	31-2036-B
bratwurste	211-3130-B
brauch	62-2339-B,207-2177-B
brauchbar	55-4000-B,238-3326-B,263-2691-B
brauchbarkeit	263-2282-B,263-2759-B
brauche	62-2589-B
brauchen	161-3499-B,203-2709-B,269-226-B
braucht	162-122-B
brauchtum	62-2353-B
braue	33-268-B
brauen	32-703-B
brauer	32-757-B
brauerei	32-817-B
braun	33-379-B,33-391-B,109-1339-S
braune	33-403-B,194-1171-B
braunfaule	27-3223-B
braungebrannt	243-1886-B
braunkohl	138-3479-B
braunkohle	144-1922-B
braunkohlenzeit	246-1551-B
brausen	29-2753-B
braut	32-1138-B
braute	32-1172-B
brautigam	32-1150-B
brautjungfer	32-1187-B
brav	110-3022-B
bravour	31-2196-B
brecheisen	137-2235-B
brechen	59-564-B
brechend	31-2553-B,31-3305-B
brecher	61-776-B
brechmaschine	61-792-B
brechmittel	85-2135-B
brechstange	60-3088-B
brechung	199-2909-B
brechwerk	61-814-B
brei	173-843-B,184-182-B,192-203-B
breit	32-2546-B
breite	31-2634-B,32-2873-B,141-1961-B,272-1699-B,272-1999-B
breiten	141-2026-B
breitengrad	141-1977-B
breithacke	152-676-B
bremse	31-1206-B
bremsen	31-1263-B,31-1296-B,205-1567-B
bremser	31-1246-B
bremsung	31-1312-B
brennbarkeit	48-1414-B,130-2571-B
brenne	27-2245-B
brennen	34-2389-B,36-84-B,234-208-B
brenner	34-2417-B
brennerei	77-456-B
brennholz	98-2833-B
brennmaterial	105-2859-B
brennmittel	105-2878-B
brennofen	139-1647-B
brennplatte	23-786-B,219-1352-B
brennpunkt	101-1910-B
brennstoff	105-2895-B
brennverhalten	99-2537-B
bresche	31-2448-B,59-482-B,107-1351-B,168-323-B
brett	28-2589-B,181-815-B,219-939-B
bretter	28-2783-B,219-1480-B
bretterbude	218-1435-B
brevier	32-589-B
brezel	187-994-B
brief	143-1891-B
briefbogen	143-1921-B
briefkasten	30-3040-B,149-532-B,149-571-B
briefkopf	143-1943-B
briefkopierpresse	143-2008-B
briefmarke	232-125-B
briefmarken	232-345-B
briefmarkensammler	178-3423-B
briefordner	97-2779-B
briefpapier	164-1448-B
brieftasche	26-1099-B,268-3069-B
brieftrager	149-628-B,184-2510-B
briefumschlag	88-1086-B
briefumschlage	88-1224-B
briefwechsel	57-1457-B
bries	241-1630-B
brieschen	241-1647-B
brigant	32-1684-B
brigg	32-1673-B
brikett	32-2240-B
brillant	32-1983-B,32-2002-B,229-3628-B
brille	93-3620-B,228-3623-B
brillenschlange	46-3246-B
bringen	109-0-B
brisant	55-3437-B
brise	32-399-B
brockelig	105-42-B
brocken	30-1653-B,30-1746-B,61-349-B,122-2859-B
brocklig	105-61-B
brokat	32-2890-B
brokkoli	32-2905-B
brom	32-3309-B
brombeere	27-198-B,31-224-B
brombeeren	27-174-B
brombeerstrauch	31-1329-B
bromierung	32-3286-B
bromsilberdruck	32-3220-B
bronchial 	32-3322-B
bronchitis	32-3345-B
brontosaurus	32-3367-B
bronze	32-3393-B,32-3407-B
bronzefarben	32-3421-B
brosche	32-3441-B
broschen	32-3456-B
broschiert	173-931-B
broschure	29-2269-B,32-2923-B,101-1591-B,101-2554-B,142-1231-B
broschuren	29-2341-B,32-2965-B
brot	31-2572-B
brotbeutel	117-852-B
brotchen	34-673-B,208-745-B
broterwerb	146-25-B
brotkanten	118-1326-B
brotkrume	61-363-B
brotscheibe	224-174-B
brucellose	33-542-B
bruch	31-2708-B,31-3290-B,34-2795-B,104-556-B,104-821-B,209-2978-B
bruchbude	122-597-B
bruche	104-737-B
bruchgestein	209-992-B
bruchig	104-878-B
bruchrechnung	104-571-B
bruchrechnungen	104-690-B
bruchstein	209-1012-B
bruchsteinmauerwerk	193-2925-B
bruchstelle	31-2917-B
bruchstuck	104-979-B,179-2707-B,230-267-B
bruchstucke	104-1218-B
bruchteil	104-594-B
bruchteile	104-716-B
brucke	32-1211-B,32-1288-B,138-2012-B
brucken	32-1271-B
bruckengelander	173-2259-B
bruckengewindestuck	241-3192-B
bruckenkopf	32-1247-B
bruckenpfeiler	179-2802-B
bruder	32-572-B,33-136-B,33-218-B,221-392-B
bruderlich	104-2261-B
bruderschaft	33-167-B,33-192-B,104-2283-B,104-2307-B
bruhe	33-87-B,234-832-B,241-2393-B,269-2393-B
brullen	24-2866-B,120-1522-B,207-2952-B,213-3944-B
brullend	120-1554-B
brummbar	113-3065-B,114-181-B
brummen	35-1498-B,80-1821-B,114-118-B,122-1526-B
brummschadel	117-1593-B
brummspannung	207-1830-B
brunft	210-397-B
brunnen	104-193-B,104-246-B,271-1166-B,271-1273-B
brunst	118-203-B,160-1371-B,210-408-B
brusk	33-825-B
bruskieren	226-507-B
brust	32-0-B,42-1798-B
brustbein	32-13-B,233-2534-B
bruste	32-34-B
brustkasten	42-1810-B
brustkorb	42-1828-B,247-2832-B
brustung	21-2503-B
brustwarze	163-1011-B,244-2158-B
brustwarzen	163-1062-B
brut	32-3474-B,116-3444-B,228-2366-B
brutal	33-965-B,116-2864-B
brutalitat	33-894-B
brutapparat	128-2592-B
bruten	116-3565-B
brutkasten	128-2614-B
brutplatz	117-79-B
brutstatte	121-3150-B
brutto	113-2339-B
brutzeln	229-3260-B
bruzellose	33-565-B
bub	30-3249-B,140-1685-B
buben	31-165-B
buch	29-1922-B,187-2224-S,194-1417-B
buchbestand	47-3390-B
buchbinden	29-2051-B
buchbinder	29-2004-B
buchbinderei	26-1377-B,29-2026-B
buchbindereien	29-2074-B
buchdrucker	187-3229-B
buche	24-764-B
buchen	3-3296-B,24-776-B,29-1957-B,29-2187-B,87-3147-B
bucher	29-2485-B
bucherbrett	29-2101-B,29-2548-B
bucherei	144-193-B
bucherfreund	25-3533-B
buchermappe	32-1515-B
bucherregal	29-2123-B,29-2571-B
bucherschrank	29-2145-B
bucherschreiber	29-2383-B
bucherwurm	29-2639-B
bucherwurmer	29-2679-B
buchfink	40-2542-B
buchfuhrer	3-3177-B
buchfuhrung	3-3314-B
buchgattung	108-2335-B
buchhalter	3-3200-B,29-2223-B
buchhalterin	3-3222-B
buchhaltung	3-3068-B,3-3338-B,29-2245-B
buchhandler	29-2499-B,29-2523-B
buchhandlung	29-2594-B,29-2616-B
buchlein	29-2306-B
buchmacher	29-2169-B,29-2362-B
buchprufer	19-972-B
buchrucken	229-2394-B
buchse	30-3056-B,34-3024-B,34-3128-B,34-3161-B,53-578-B,96-2470-B,136-4030-B,207-327-B,226-1919-B
buchseite	172-1054-B
buchsen	37-472-B
buchsenmacher	114-2546-B
buchsring	34-3143-B
buchstabe	143-1904-B
buchstaben	143-2038-B
buchstabensymbol	145-2527-B
buchstabierend	229-1193-B
bucht	23-1935-B,26-449-B,58-2853-B
buchtitel	249-2679-B
buchumschlag	137-215-B,274-2915-B
buchung	3-3361-B,184-2474-B
buchungsbeleg	268-1170-B
buchweizen	33-1338-B
buckel	122-2492-B,122-2611-B,122-2668-B,236-1777-B
buckelig	122-2559-B
buckling	139-2520-B
bucklinge	30-3024-B
